UnitID,county_fips
493868,35001
177834,29001
180203,30005
491464,06037
459523,48113
485500,06037
461892,26125
222178,48441
497037,48113
138558,13277
488031,06037
497374,39049
421896,72113
172866,27053
449463,09170
457989,45067
451079,12001
497718,36119
457271,06037
412173,12099
462062,06037
497198,47065
108232,06075
421771,29037
489122,55025
489131,55087
489140,55009
451097,12097
237729,54081
108269,06001
372462,12009
179991,30031
499325,40027
454722,06037
175722,28043
374316,28049
447449,48241
181880,32003
434274,48005
382461,28121
451334,29077
376446,45045
482185,53033
487658,22055
451051,10003
449454,08123
486619,05007
107293,05131
480879,29159
210508,42101
461342,49049
483708,36059
494904,36103
449676,36061
384306,06001
439969,12086
126182,08003
188429,36059
374024,27053
142832,17031
168528,26091
495217,12033
262369,06099
203030,39049
183983,34003
400187,06059
479974,06065
444334,12086
437608,48215
480019,06107
461786,55027
231411,51810
461430,32003
456001,50007
490896,34025
423397,72091
493071,72127
495970,72005
133872,12095
476878,36001
496724,29189
496399,06019
138600,13089
498915,51059
217615,45003
126207,08123
200697,39057
100654,01089
483975,01069
488916,01025
100724,01101
199786,37001
482981,48029
222497,48029
102580,02170
103501,02020
442523,02122
102669,02020
102711,02122
499556,13095
418038,36001
188526,36001
188535,36001
188580,36001
138716,13095
138682,13095
385415,36005
128498,09170
168546,26025
132842,12086
241331,72127
210571,42011
175342,28021
495192,06081
476735,25027
483425,37147
172918,27041
188641,36003
487995,06037
156189,21119
498793,10001
210599,42045
418658,42003
373784,24510
108807,06083
161688,24001
210669,42039
200873,39029
152798,19013
154642,20001
188650,36047
415987,36081
469610,04013
217624,45079
490522,48085
483850,36081
110468,06073
490151,47149
461111,39035
248192,21133
168591,26057
168607,26007
210748,42013
210775,42011
238193,55079
222567,48039
222576,48375
222628,48113
457527,17031
490081,06037
188687,36061
142887,17031
457396,12019
108852,06037
188678,36061
446002,27123
444370,12086
219505,47037
490258,42011
459541,49049
489247,49035
108977,06037
189477,36005
490391,12086
441052,06059
109040,06037
447768,06071
429085,48201
486169,21111
449889,18097
210809,42091
422835,06065
483009,06037
497736,06059
443599,41051
485698,45019
241146,72021
108870,06037
153463,19087
441636,39049
487852,34023
447883,12103
493682,09120
447795,06059
455202,34023
497329,34007
184092,34031
490869,34035
482963,34029
129482,09110
445027,04013
438586,13121
445133,48201
164447,25013
142957,17031
116846,06037
492643,51059
475714,12086
461263,06037
188854,36061
232797,51775
157021,21195
449339,54037
109208,06067
240736,60050
461625,72021
461573,29189
131159,11001
433004,06037
241100,72021
492023,17031
486415,36047
164465,25015
100690,01101
483595,12095
151865,18039
150066,18095
217633,45007
138761,13243
168740,26021
457299,06037
457314,06037
222822,48005
222831,48451
490425,48453
164492,25027
161767,24003
475705,06037
172954,27003
172963,27003
491978,51730
109350,06037
496636,12086
241182,72127
483018,39057
245892,39057
245838,06037
245865,33005
245847,06083
245883,53033
440138,39057
429094,48453
485342,12057
490434,39139
494986,08041
188890,36081
201034,39003
237127,21195
237136,54081
449922,51027
432348,51027
197869,37189
417716,29189
168786,26081
176600,29510
126289,08005
211088,42091
487791,45007
103954,04019
420802,04013
105899,04013
499389,08005
499398,39061
499404,39035
494162,48113
498447,51059
495439,12011
487375,32003
498456,06071
495457,04013
497268,49035
499370,12081
498049,26125
495420,12057
421708,04013
495448,04019
497277,04013
482990,04013
450951,04013
446039,04019
484163,04013
104151,04013
483124,04013
104160,04027
106306,05119
106324,05115
106315,05119
488527,05131
107327,05093
106458,05031
107318,05035
448336,05119
107521,05059
106449,05145
420538,05005
440402,05067
106467,05115
106351,05119
491075,05119
222877,48439
222886,48439
219587,47053
188915,36015
482194,36061
201061,39061
109651,06037
498951,18003
106494,05119
445540,05045
489830,05031
414063,34027
460701,12105
378886,12057
156222,21113
156213,21113
458113,51153
447777,06067
234119,51650
197887,37021
154022,06073
156231,21019
201098,39005
201104,39005
201131,39007
475431,34015
393861,06059
480994,24003
454829,04013
214023,42101
164535,25017
485494,06073
188942,36047
109721,06037
109730,06073
183600,34027
164562,25027
446127,12053
444361,06073
447935,21111
449728,40143
452373,39061
461768,36061
440651,72091
476683,39095
201140,39061
100812,01083
246813,13059
444325,06037
419244,13135
138901,13121
138938,13089
138840,13121
138929,13121
183655,34001
439446,12011
132374,12011
241216,72061
485768,12086
201159,39085
100858,01081
100830,01101
173045,27053
447917,13073
138956,13245
482149,13245
143084,17161
219000,46099
444556,48453
454810,08013
201177,39151
143118,17089
495129,48453
222983,48181
222992,48453
476869,16019
499547,36081
219602,47125
223001,48453
219851,47125
418782,72005
419703,72021
419712,72025
419721,72113
211006,42029
448770,42017
365213,40047
372356,08005
497301,32003
474924,49011
104568,04013
474915,04013
457679,27105
442295,12021
446048,12021
497897,51013
173744,27053
458131,53033
159513,22033
160320,22103
159522,22055
448071,36061
455354,48029
451468,39017
457563,18057
498669,30111
487348,53011
499334,04013
461652,16001
455141,37135
455877,17031
455275,39049
459277,08031
475015,19049
362700,12071
487506,55025
162830,24025
461555,35001
484899,04013
460862,41051
451574,49049
451149,12011
451158,12073
476753,04019
142407,16083
491826,35001
458070,48453
494524,48453
219338,46135
231420,51590
158778,22019
448257,51059
440059,13135
494764,37119
497745,17031
441788,48113
486558,06001
227748,48201
438735,18097
441496,29095
482255,32003
445762,51153
427973,51710
457411,12117
250285,42101
499662,04013
187000,34003
447847,12111
176628,29095
161800,24043
158246,22017
109785,06037
237145,54051
164580,25021
206817,40101
128586,36087
476601,24005
245777,36087
490513,34029
495031,36087
449658,34029
168847,26155
154688,20045
109819,06029
420705,48113
414489,48453
223056,48453
417105,06037
201195,39035
150136,18035
499255,24005
161864,24510
161855,24510
164599,25027
189015,36061
106546,05119
219639,47157
223083,48029
223117,48073
132408,12063
444398,48029
476610,36059
483346,42043
497356,48479
484048,48183
483054,42003
488022,45075
499723,45079
497383,48245
155070,20097
189088,36027
167792,25003
189097,36061
177719,29510
132471,12086
109907,06071
197911,37195
154697,20009
235547,53033
160977,23001
235671,53053
437103,22033
158325,22033
483878,06075
168883,26041
380359,26033
164632,25013
444194,72021
223223,48201
223232,48309
168892,26017
476717,36087
384254,12069
160995,23019
485166,41051
197966,37013
449357,06065
460969,12086
498775,13089
215336,42007
247065,21015
444413,36081
126359,08005
190956,36093
159027,22017
175421,28049
364760,17031
461193,42003
483559,48231
156286,21111
493567,12086
481571,09140
234669,53033
180814,31153
238324,55009
234696,53073
478953,20161
109934,06073
116563,06073
377722,06073
197984,37071
201283,39013
219709,47037
238333,55105
173124,27007
237172,54039
137591,12101
217721,45079
154712,20005
145619,17043
165884,25025
439473,11001
197993,37081
230816,50003
164739,25017
156295,21151
183743,34003
189219,36081
125170,06001
189228,36061
183789,34031
108861,06001
164748,25025
189255,36081
481021,42011
164775,25003
139144,13115
461865,34013
485999,36047
189273,36047
183804,34029
486196,36087
488314,34029
154721,20113
237181,54009
486284,27053
173142,27013
143233,18177
154749,20079
150145,18141
173160,27123
219718,47017
110060,06059
486053,27053
132602,12127
139153,13121
102429,01127
443702,17031
457253,06037
484020,37001
234711,53025
137856,12123
157553,21071
196079,36007
110097,06037
100937,01073
102030,01097
200022,38015
236018,53053
224013,48265
143279,17161
219046,46081
106625,05121
143288,17117
180054,30035
238397,55105
457615,25027
198011,37017
447810,06095
373456,22017
143297,17001
223427,48477
183822,34013
444440,01097
450128,22079
441502,28047
439491,22055
434821,22051
243799,25021
175430,28139
208275,41059
446774,54003
198039,37089
231536,51015
237215,54055
231554,51185
156392,21067
201371,39003
491446,36047
175999,28049
217749,45045
481483,12099
489238,12011
496690,19153
476850,16001
142090,16001
142115,16001
490203,29167
233356,51087
233480,51087
481456,49051
498386,54005
189413,36061
454759,06037
483948,22017
158431,22015
164872,25025
164614,25025
164924,25017
164915,25021
164988,25025
161004,23005
162007,24033
201432,39043
201441,39173
143358,17143
479992,06037
165015,25017
496894,09120
451042,09170
223506,48039
139199,13139
156356,21059
198066,37175
139205,13209
152992,19193
230010,49005
125082,06071
497408,22071
484932,54039
231581,51165
165024,25023
230038,49049
230047,15003
142522,16065
442976,21037
477002,26093
232450,51041
404718,47011
165033,25005
450304,48439
189404,36047
189468,36059
449311,36005
448424,40143
183859,34025
444088,35001
104090,04013
404055,04013
438179,04019
189501,36047
418010,36007
132709,12011
375568,39025
441645,39085
450395,39035
491695,01073
217156,44007
110194,06059
198084,37019
180878,31109
219790,47143
110219,04013
369516,29077
188517,36001
189583,36029
189592,36055
480091,36029
201469,39035
189565,36067
231785,51810
451750,55079
217165,44007
210492,42091
211273,42091
201478,39053
383312,39157
211291,42119
461740,48113
211307,42017
211316,42017
153001,19021
490948,37063
165112,25025
496645,34005
488554,35013
209409,41039
211334,42019
213330,42005
367431,42073
154800,20015
211343,42019
201496,39017
150163,18097
180063,30093
110246,06007
487773,06007
444103,42003
487968,17031
198109,37025
237242,54011
110334,06087
211352,42045
364946,40015
421665,26165
215114,42017
493956,06007
446084,17119
498748,06059
198118,37027
183910,34013
433420,06029
110361,06065
486497,06073
110875,06099
447713,06037
481386,06059
112570,06037
492661,06077
488563,06037
110370,06075
111054,06073
442985,06037
488572,06019
495271,06065
487649,06037
490285,06073
496186,06073
110316,06075
491507,06019
110404,06037
111081,06037
485546,46099
486488,06001
110413,06111
480781,06073
496627,06067
455734,06065
110422,06079
115755,06023
110529,06037
111188,06095
110486,06029
110501,06037
441937,06111
110538,06007
110547,06037
110574,06001
110556,06019
110565,06059
110583,06037
110592,06037
409698,06053
110608,06037
110617,06067
110510,06071
366711,06073
110495,06099
496043,06071
111391,06073
150172,18089
176789,29037
169099,26081
169080,26081
165167,25025
446109,12117
454865,12099
444264,72025
183938,34007
143464,17031
230065,49035
206914,40031
198136,37085
156365,21217
111434,06081
365374,40017
189705,36029
200208,38005
143482,17031
143491,17031
143473,17043
201539,39151
165194,25001
431558,12071
198154,37129
176798,29031
413413,27053
461704,23011
367972,17167
186423,34021
186405,34021
201548,39049
365693,31055
162061,24033
143552,17031
457031,17197
153083,19113
154448,19163
153074,19061
189714,36087
377759,06037
455707,01097
111513,06059
107220,05143
418205,39089
446118,06037
417442,17133
181941,32031
454801,06037
433013,06059
455220,36085
420370,11001
246071,42069
448239,49049
489256,72031
441706,72127
241377,72021
241386,72031
363907,72113
363916,72145
491941,18019
206923,40079
143613,17095
173258,27131
211431,42003
451194,19105
169187,26125
211440,42003
199971,37067
461032,37051
460765,37021
489937,37067
433174,37119
485467,06067
442602,35001
142054,16001
457101,32003
103909,04013
103893,04013
438258,06013
246035,41051
457110,32031
125532,06067
437936,06085
246974,06001
439118,53063
450696,06077
103927,04019
180106,30049
405872,24013
238458,55133
219806,47089
198206,37031
238476,55059
481049,29097
430795,54039
111638,06037
203438,39155
455211,32003
439190,53033
201645,39035
240505,56025
417682,29037
198215,37159
198233,37035
165255,25017
475398,54037
143659,17031
417983,36009
430306,51810
189839,36011
430883,36011
439367,06037
456977,12086
449092,12086
449083,12086
449773,48439
451495,42089
162104,24015
211468,42077
201654,39057
487621,22073
454917,12086
160126,22073
376224,72069
241517,72127
158477,22017
183974,34041
379782,48201
241793,72127
451413,36047
364964,36075
455910,37021
488226,12103
481447,34007
486381,36119
232618,51680
100760,01123
104346,04021
106713,05045
419183,06079
198251,37105
218858,45085
154855,20113
176910,29175
378105,06053
153108,19125
417725,29169
180902,31079
128771,09110
483045,13153
173203,27035
158088,22079
161077,23001
445267,29089
176947,29089
169248,26073
187532,35001
201672,39089
206932,40109
208318,41017
211477,42041
493558,42099
369668,42027
198260,37119
201681,39035
231688,51710
201690,39057
406422,42097
246017,40037
246460,48491
383464,48027
223816,48099
498872,06099
231697,51680
234827,53037
240514,56013
488004,36047
189857,36047
491260,53041
234845,53041
156408,21021
420024,51550
377449,51700
377458,51710
427982,51041
232016,51810
175315,27163
436553,72127
111887,06037
111896,06029
444510,06037
427894,51059
381255,06065
111744,06071
111726,06025
432269,48141
381282,06111
111799,06053
111708,06073
111717,06085
381325,06083
468769,06053
111762,06087
111920,06001
180948,31045
111939,06071
454218,17031
454245,04013
489353,06067
457129,12031
475732,13121
454227,17043
475741,18097
492759,22051
486947,26125
466921,29189
486938,32003
486956,34023
489344,37119
454236,39049
466930,48201
460871,51059
141486,15003
483753,42071
499033,42075
449782,48201
492069,05051
230852,50007
498340,12011
364025,04013
111948,06059
123493,06067
223852,48041
419095,25003
104391,04015
111966,06037
418171,36047
217794,45035
237303,54039
451510,45019
217688,45019
443951,72005
444778,37119
132976,12015
102845,02020
128780,09110
217828,45047
211556,42003
140331,13067
101028,01113
220118,47065
219824,47065
240709,56021
381699,08069
208390,41047
162168,24035
437769,51041
418427,42029
211583,42101
211608,42045
181145,31055
492078,17031
144005,17031
144014,17031
180160,30087
133021,12063
240116,55035
375656,40073
201803,39099
198303,37091
175494,28047
494630,48029
219833,47157
488590,41007
150215,18097
491552,18157
189990,36061
475468,34027
231712,51700
112127,06001
201867,39061
490692,39061
201928,39061
461829,06075
190008,36061
223898,48133
217864,45019
211635,42003
112172,06037
112181,06067
112190,06075
417327,12117
244233,12011
475477,12011
144500,17031
144209,17031
144184,17031
144157,17031
144166,17031
144175,17031
144193,17031
144218,17031
234915,53033
457697,29095
208406,41005
217873,45075
112251,06037
488387,06037
112260,06037
124283,06037
223922,48129
138947,13121
234933,53011
201973,39023
165334,25027
153126,19061
211024,42069
237321,54033
180832,31055
190044,36089
450401,40143
208415,41007
139311,13063
156417,21013
430908,42033
169327,26093
217882,45077
411754,39035
198321,37045
202046,39035
202073,39035
219879,47011
202134,39035
177038,20091
217891,45091
190053,36019
417868,36019
260336,29083
154907,20029
234951,53053
112367,06019
187639,35009
489201,06019
366155,22073
158538,22073
248527,22073
449393,06065
485412,06065
175519,28027
125462,06019
112376,06059
101161,01003
223320,48025
198330,37133
218724,45051
485458,13299
450988,06059
112385,06059
112455,06059
104425,04003
190071,36119
404426,04005
153144,19113
154925,20125
217907,45031
161086,23011
154934,20193
182634,33013
430935,72021
443100,72013
376242,72015
445498,72003
241720,72127
190080,36055
190099,36053
230144,49035
455965,44007
434344,25027
499079,48113
169442,26163
108667,06001
493974,13219
388520,48201
499176,48029
132851,12083
217819,45019
139250,13127
150251,18127
144865,17043
142179,16019
208433,41047
180957,31109
456287,31109
379746,48201
146472,17097
118347,06041
413617,55078
167394,25013
174747,27145
181604,31055
122791,06081
142559,16083
162122,24017
182005,32003
190558,36085
197814,37139
160959,23009
111461,06037
113573,06065
166124,25027
226408,48167
480967,40111
178697,29213
121707,06023
123217,06107
123484,06093
455114,16027
199078,37129
493822,44007
247834,48085
203614,39087
461953,08041
381352,08031
126669,08059
126678,08041
443632,08031
127556,08077
126711,08045
126748,08103
381732,08059
126775,08059
126784,08059
476975,08005
128106,08101
126818,08069
446978,08031
126827,08041
234979,53021
241304,72025
112561,06109
177065,29019
217934,45079
455983,51059
144281,17031
420556,41065
217925,45079
450933,01003
219888,47119
139348,13089
190150,36061
190169,36021
202152,39029
202170,39049
202222,39049
139366,13215
139357,13215
491215,04013
498377,12101
366261,48201
498012,72053
212975,42021
498562,42037
439570,40143
446163,06071
210605,42003
126863,08005
434672,24005
211079,42007
126942,08031
215239,42101
217475,44003
230861,50023
447962,22105
112686,06037
423120,12086
177083,29147
237330,54055
126687,08005
497912,29095
460181,48113
123679,06059
441742,48439
155283,29095
219903,47157
124937,06037
208479,41051
460206,48029
124706,06071
120661,06073
487588,28033
133845,12031
133854,12011
460190,12095
133863,12057
173300,27027
177092,29189
150288,18003
169363,26161
224004,48453
144351,17031
112075,06059
180984,31159
173328,27123
238616,55089
493600,36047
128902,09180
129367,09110
206996,40101
262341,04013
467094,36067
190318,36055
194435,36029
112826,06013
112817,06013
491950,06013
217961,45083
165495,25015
175573,28029
395362,06071
162283,24510
210331,41047
451343,28003
153162,19113
190415,36109
170037,26081
235024,53033
128896,09130
134574,12103
215044,42091
387925,12011
434308,24003
438285,12095
486770,48439
144795,17111
482200,48037
147642,17031
445780,16067
407142,22055
106795,05133
113096,06067
177117,29217
184180,34027
139393,13083
226675,48303
177126,29189
154952,20035
176770,29077
454874,12071
113111,06071
169424,26125
417503,20173
198367,37049
419484,42039
169813,26049
434830,39113
444051,39113
483911,17133
181002,31055
158617,22071
180090,30029
475608,48113
177135,29145
106810,05055
174862,27019
493530,51520
371830,06059
496715,48113
113193,06079
444565,48201
190503,36027
486390,36119
446206,51047
177144,29111
219949,47189
190512,36061
190521,36061
190530,36005
190549,36047
190567,36061
190576,36061
190585,36005
190594,36061
190600,36061
190619,36047
190628,36081
190637,36005
190646,36047
190655,36047
190664,36081
190673,36081
190682,36081
475565,36061
190035,36061
190691,36081
165529,25021
211893,42101
490300,34027
498818,42071
202356,39035
204981,39035
113218,06073
190707,36019
480888,48453
113236,06059
461306,12086
492096,26125
418773,72019
190716,36029
190725,36029
200314,38009
173416,27037
219082,46079
219091,46035
224226,48113
443021,48113
224244,48113
224615,48113
224271,48113
224305,48113
487959,13313
139463,13313
144564,17183
231882,51590
455178,37021
182670,33009
169479,26081
169503,26125
198385,37119
198376,37057
237358,54083
194569,36113
202435,39095
230162,49011
130873,10003
180151,30021
496469,06059
202453,39113
449700,39113
447014,12127
133386,12127
113333,06085
165574,25021
484084,17037
202514,39039
488192,06099
224350,48355
162335,24045
406361,36017
432524,10003
211927,42045
430971,42045
449472,10005
130934,10001
130882,10001
130907,10001
211981,42017
158662,22071
169521,26017
402563,22103
366270,22033
483355,22055
483364,22103
175616,28011
447023,28033
493804,48029
158787,22063
202523,39089
449603,18089
217989,45009
452771,39049
452780,39165
454856,08031
499422,48201
126979,08005
144740,17031
150400,18133
494463,36071
484923,51059
153214,19153
154156,19049
210739,42077
113582,06073
441256,06079
480921,05131
169576,26163
482413,36061
144777,17043
482422,04013
482431,06071
482459,12095
482468,13089
482477,17043
482547,32003
482556,34023
482574,39049
482635,48113
482653,51013
434900,72031
443562,72127
449135,72075
469416,72091
113616,06045
113634,06013
476780,06037
461388,48181
212009,42041
200059,38089
373526,22033
260664,22017
443410,53033
480028,36061
490498,22017
451255,25013
158802,22071
165608,25005
105297,04001
235088,53033
395690,06037
445869,51107
153241,19061
451583,49053
211802,42021
181020,31151
154998,20057
485607,09140
113704,06001
148496,17031
190761,36087
113698,06041
150428,18089
122117,06037
155007,20209
153250,19167
169761,26125
483504,26163
499185,26081
250744,26099
460482,26145
247153,26163
495837,26163
261719,26163
212045,42129
261436,26065
371690,06037
262466,08013
449481,12001
153269,19153
184348,34027
212054,42101
177214,29077
492801,29077
492139,26163
198419,37063
175227,27053
212106,42003
495253,40013
198455,37063
431105,36027
190840,36027
458043,48439
220057,47045
496575,26163
488174,29095
496326,16001
447421,49011
230366,49035
150455,18177
106883,05123
198464,37147
177250,29071
175643,28101
207041,40123
139621,13107
113856,06037
175652,28069
204884,39029
212115,42089
220075,47179
224527,48203
498890,48005
441210,04013
439394,12115
208637,41051
483799,55025
144883,17031
104577,04009
375966,42091
129215,09180
132693,12009
203331,39081
144892,17029
421878,34017
153311,19163
156620,21151
161138,23019
232043,51660
169798,26161
165644,25021
383996,35027
187648,35041
187666,35005
418348,40109
207050,40077
208646,41061
446224,34013
232052,51001
418065,36103
486877,36103
486886,36103
212133,42045
441858,51177
231970,51710
235097,53063
438708,54031
240596,56015
407461,39049
183488,34003
185721,34013
184959,34003
446233,05007
133492,12103
248934,51810
247162,26163
177278,29189
498401,21051
198491,37065
238661,55025
202648,39109
235103,53061
457794,36047
243832,72127
241836,72131
499635,72025
494278,72069
494287,72091
492476,72149
146454,17099
260965,17201
149204,17195
442806,51121
133526,12031
202657,39043
410964,25017
113980,06037
224642,48141
476887,13121
483382,36103
451282,26125
494001,37063
144944,17089
488305,36051
492005,39013
492148,40101
451529,47077
461607,06065
490294,53077
461999,39077
495776,48201
452887,39017
496371,39087
198507,37139
212197,42071
156648,21093
153296,19083
486080,36059
144962,17043
190983,36015
198516,37001
490346,36047
133553,12127
104586,04025
426314,12127
457378,12131
165662,25025
127158,08031
404684,72075
241906,72097
165671,25025
139630,13119
153302,19061
232025,51191
139658,13089
487092,13217
114114,06037
212328,42077
481678,13245
447175,08005
447148,04013
368230,34013
174978,27053
164845,25025
383765,36047
485014,36029
375984,42101
104443,04013
459019,37119
485397,42091
157614,21111
184816,34007
407470,39061
450614,37025
157669,21111
458803,47157
157650,21093
157678,21015
480310,24003
407735,55009
212337,13135
415039,42133
212382,42043
450641,33013
458821,47113
440101,13067
182704,33001
491145,12105
212276,42071
212230,42075
447166,08059
161493,23005
407179,25017
195067,36061
169284,26081
444282,51041
448798,55079
430227,42003
458867,13063
458812,47187
212753,42101
495518,51700
450605,42003
486691,13089
444291,24005
193991,36119
459064,37119
212300,42107
190239,36081
212391,42011
450599,51087
481845,36055
478582,13051
212294,42109
182722,33017
458858,18097
456135,27003
458830,42045
481748,17031
491136,12057
128337,08001
103741,04019
184506,34039
481739,17097
476179,51810
217581,44007
478616,37081
444307,42003
459055,12099
459046,37067
212355,42069
212267,42133
196264,36091
446242,21067
155025,20111
165699,25009
230418,49035
101143,01031
486859,31109
124487,06067
224712,48453
457581,20173
439622,36029
383525,36013
191083,36029
212434,42049
409254,17031
217998,45001
369419,12057
492306,06073
241951,72127
420255,72071
452106,72021
444583,72127
431123,72113
184481,34013
494649,49057
446251,17031
461582,17031
417062,06107
384333,04013
244613,17043
200590,39155
450720,32003
144971,17203
458423,32003
491598,42011
177339,29077
497824,29077
477233,29043
230199,49021
454935,16065
230205,49053
235149,53061
385619,12099
446260,53061
114266,06085
207102,40031
461537,29071
494472,48477
196680,36001
224758,48375
129242,09120
184694,34027
184603,34003
237367,54049
153320,19153
443049,53053
494597,12057
493813,42077
443058,40125
196042,36103
191126,36061
101189,01101
381486,19059
248624,42051
413176,54019
198543,37051
198534,37051
114433,06063
114460,06067
487861,39049
184612,34003
169910,26107
232089,51067
114354,06037
114549,06083
436599,25021
191199,36069
475422,36069
205090,39043
461874,55105
484075,12031
137023,12109
145099,17111
165802,25025
220181,47037
165820,25027
114585,06087
191205,36103
133711,12109
461245,12035
180197,30029
160481,22109
155052,20111
218025,45041
462035,12071
447908,12011
496681,12011
133650,12073
133669,12099
441380,12011
487445,12099
487409,12086
487490,48201
487436,12031
487418,12011
487454,12011
133997,12086
487472,12095
487384,12011
487393,12099
133809,12057
434441,12095
441423,12086
135160,12023
433660,12071
476814,12095
133881,12009
480569,12009
486512,12086
133951,12086
133979,12086
408844,12086
138284,12133
482936,12105
495299,12086
134024,12001
457350,12001
134079,12105
133508,12071
133702,12031
134097,12073
488253,36061
444219,06067
380368,27017
177418,29189
114716,06085
114831,06085
191241,36005
207087,40047
208044,40153
198552,37067
155061,20051
155593,20123
127185,08067
135267,12071
180212,30085
134228,12111
155098,20011
139719,13225
224828,48439
371052,01097
392415,48201
439738,22033
205179,39113
450067,39061
460020,45079
450058,39049
490975,12086
487302,39153
455460,01069
458681,18097
494843,24033
455488,01101
233329,51710
439792,12019
382957,51087
456454,49035
372921,13067
459958,48201
455628,01073
494436,47141
249609,42079
475024,34021
452124,47037
455479,12033
445744,12111
385503,42069
163347,24005
183725,34031
488271,53067
175698,28139
485236,42003
457873,39069
177436,29071
145239,17031
238722,55087
165866,25017
218061,45041
245999,40109
160074,22033
114734,06073
205957,39081
224891,48233
212577,42071
150604,18081
248633,42055
483577,47187
182795,33005
409120,29097
202806,39049
441982,25021
459329,12101
237844,54097
162557,24021
114761,06023
220215,47023
372073,06037
455062,26139
114789,06019
114813,06019
155089,20173
127200,08001
403469,17191
156727,21239
162584,24001
134237,12095
114840,06037
114859,06059
191302,36057
218070,45045
476498,12086
481030,54071
476939,12086
145406,17031
407090,17043
485926,48215
101240,01055
490090,12039
461254,06037
491181,21193
452948,39061
156471,21111
406033,48029
406024,12103
498119,37021
497116,48491
499273,48085
498085,12001
498474,48201
499671,32003
496991,12011
498100,45051
497125,47037
498483,21195
498094,51041
499282,51161
499307,49035
498076,12115
499291,20173
131450,11001
224961,48167
212601,42049
155104,20055
488013,34017
198561,37045
162609,24023
145275,17031
198570,37071
157438,21015
105145,04013
246895,04013
238759,55059
114938,06085
456542,42069
145309,17001
114947,06073
191311,36061
146816,17031
191339,36037
431196,36037
220765,47141
382780,47189
212656,42007
101286,01045
101295,01043
101301,01047
208822,41071
232186,51059
134291,12033
134307,12086
131469,11001
156745,21209
131496,11001
138822,13247
139861,13009
447689,13135
139700,13115
408862,13059
139755,13121
485111,13009
139384,13115
244446,13089
139931,13031
139764,13261
139940,13121
244437,13121
184773,34029
202888,39153
232195,51137
212674,42001
235307,53063
169974,26149
115010,06037
497338,06029
499413,06037
104708,04013
115001,06037
237385,54021
488651,35013
492935,12086
493521,39095
449384,06037
230889,50023
202903,39061
169992,26053
115083,06075
115126,06059
130989,10003
235316,53063
202912,39061
492281,05119
129154,09110
165936,25009
375683,40125
139968,13171
165945,25009
150668,18039
491729,28011
162654,24005
486530,47157
493150,47157
145336,17197
363679,29189
170000,26081
150677,18085
483841,36081
481058,06059
481401,48339
153366,19053
431284,48113
115214,06001
139746,13121
145354,17057
225043,48113
159009,22061
104717,04013
170055,26081
176983,29117
170082,26139
153375,19153
212771,42091
235334,53027
225070,48181
182306,32007
183150,33015
180249,30013
495110,26097
170091,26045
213181,42049
497213,53063
202949,39061
364548,40031
383367,42013
418454,42021
382416,25017
428019,40111
235343,53033
260363,42059
365240,39057
165981,25011
198598,37081
218113,45045
145372,17005
153384,19157
115296,06073
115287,06073
212805,42085
240745,66010
198613,37081
198622,37081
134343,12005
139995,13089
459213,06085
173647,27103
436632,37183
140003,13135
444714,13067
425250,13121
499495,12095
140012,13135
212832,42091
102313,01101
367875,12057
383084,06037
495314,34031
162690,24043
163541,24033
497675,39141
436030,24033
488262,10003
496672,40109
447971,24031
145424,17037
367981,17031
145433,17093
198640,37083
225201,48029
191515,36065
173665,27123
232256,51147
166018,25015
232265,51650
369950,39103
455327,48113
202985,39029
177542,29127
150756,18077
212869,42091
225247,48441
107044,05145
162706,24025
490382,33011
177551,29510
212878,42043
446640,42043
129491,09110
115393,06053
191533,36077
166027,25017
115409,06037
155140,20045
417600,27037
181127,31001
176062,28067
111045,06059
212911,42045
383190,15001
141608,15003
460756,15003
141644,15003
497657,15003
153445,19013
155159,20051
478917,20169
198668,37087
156790,21193
173683,27025
418612,42079
419217,12086
490054,12099
439668,04019
247010,16069
455071,29189
454795,06073
441830,49035
456968,37081
493585,42101
493752,47157
450960,06037
446303,34039
481465,22051
498960,55035
384342,17113
498845,20015
166045,25017
145497,17031
203067,36061
203085,39147
180276,30049
191597,36061
166054,25021
497444,40119
481155,13245
156851,21101
107071,05019
107080,05045
173708,27053
431266,51087
170240,26163
198677,37085
101453,01077
235422,53077
214476,42003
431275,36043
191612,36043
200785,39153
140340,13121
101365,01073
459851,55133
459842,55059
240392,55025
174154,27053
499149,47037
433536,22051
386472,12117
496973,12057
155177,20079
484002,06037
208053,40153
198695,37081
485403,06073
145521,17177
155186,20043
180081,30093
235431,53033
191621,36029
225371,48217
134495,12057
168555,26059
170286,26059
115658,06081
175786,28049
480000,06095
203128,39133
246789,36061
203146,39109
191630,36069
134510,12085
203155,39009
367884,12071
191649,36059
490407,13135
184746,34031
461379,24510
232308,51161
495174,06037
443234,12011
134529,12011
485388,12117
485379,12099
175810,28051
129534,09130
150774,18141
212984,42101
184968,34003
166133,25013
457086,06037
499103,06059
203386,39049
141680,15003
162760,24021
443076,37159
170301,26139
488332,12011
120537,06059
156860,21047
457226,18097
218140,45051
488411,06061
107099,05051
191676,36003
176716,29095
177588,29095
493743,48201
225399,48201
225423,48201
458034,48201
380067,48201
484996,48201
225520,48227
162779,24027
225548,48049
131520,11001
184995,34017
191719,36083
242112,72025
164368,25017
242121,72069
115773,06077
191728,36059
101435,01101
237437,54011
377643,54011
150941,18069
449348,01089
487524,23019
225575,48453
155195,20155
486345,17031
368771,06037
372329,08069
491738,15009
193405,36061
491659,06073
243841,72127
460677,72091
242130,72013
242149,72097
493947,16001
142276,16005
449597,18019
480161,21111
494551,36061
127273,08031
434584,02185
145682,17179
145691,17137
145628,17031
443368,17159
145707,17159
145725,17031
419253,17031
460145,17031
145813,17113
145831,17099
145646,17113
487922,47165
213011,42029
457387,12021
115861,06025
155201,20125
491880,06067
495280,04005
418296,40101
153472,19179
134608,12111
418560,42063
151290,18003
492962,18003
151324,18167
213020,42063
151351,18105
151388,18177
151111,18097
151333,18067
151360,18089
151342,18141
151379,18043
488420,18057
151801,18053
488679,18053
415057,09140
444671,72069
485564,22055
483106,34023
492731,34021
499130,34029
491932,12127
376288,72097
115931,06085
145886,17031
462044,23005
458122,51085
496751,48029
187745,35049
240879,72013
489335,06001
444699,15003
457819,36061
493080,06037
481207,24005
493363,46011
461218,42003
491570,13121
454838,08013
431141,06019
441663,41047
455804,11001
451501,72113
242556,72057
242042,72091
242583,72127
460808,16011
483373,06037
128179,08041
128188,08077
242626,72005
242635,72013
242644,72019
242705,72021
242671,72127
242680,72053
242699,72057
242653,72127
242662,72113
242617,72125
242723,72127
404222,72021
367361,48201
440776,48201
443696,48201
138655,13089
442435,13139
138664,13063
367103,21037
483869,12086
481960,06095
457208,06067
442888,06065
443571,06037
140146,13121
116226,06059
134714,12127
457785,32031
235501,53011
436614,04013
491686,04013
488378,53063
238005,54003
151467,18097
462336,06037
203289,39113
461175,06001
453297,39055
448691,42095
457341,09110
127316,08041
113449,06065
365091,13121
439686,12086
173799,27037
191931,36119
153524,19187
153533,19063
153597,19153
154457,19193
153603,19169
153630,19155
443137,26125
116439,06059
191940,36055
191959,36103
198710,37161
175829,28057
191968,36109
159197,22033
438984,72025
150987,18097
437237,44005
481474,06013
101471,01051
150765,18167
232414,51087
490416,22045
101462,01089
170444,26075
220400,47113
175856,28049
497453,05119
225876,48073
101480,01015
134945,12031
203678,39003
232423,51660
237473,54003
198729,37061
192004,36013
191986,36013
225885,48499
443146,48201
498854,51730
483276,40109
414540,42101
177676,29099
156921,21111
192022,36045
418445,42065
417886,36045
107123,05069
101505,01073
207704,40143
455196,34003
192040,36061
185679,34039
419341,42101
220464,47037
146205,17199
401764,17031
107141,05007
101514,01083
203368,39035
446349,54029
159328,22051
488776,18141
462354,06073
428125,06037
146278,17001
491242,41047
162928,24510
445708,37119
460349,44007
217235,44007
198756,37119
213233,42069
155210,20091
220473,47093
132879,12097
198774,37101
146296,17197
175883,28067
487311,12031
461281,12011
456551,38017
200110,38035
215479,42107
181190,31109
447263,49035
498827,12011
146339,17089
461139,37189
213251,42061
484057,25025
219240,46099
481313,12011
170532,26077
170541,26077
146348,17091
155308,20091
177746,29095
155292,20209
179812,29095
497693,20173
155399,20161
155414,20169
141796,15003
146366,17027
141802,15007
494658,06037
374343,28115
492652,12031
225991,48113
185262,34039
440031,06037
182892,33005
183062,33005
192165,36119
135081,12011
170550,26025
161192,23025
486840,13067
218195,45063
445850,45079
460011,45041
489159,45015
467906,45007
218159,45003
432117,45091
445841,45083
488439,18097
177816,29189
203447,39007
203456,39029
203526,39055
203517,39133
203492,39029
203465,39151
203474,39155
203483,39157
157100,21043
157854,21239
487904,21151
157030,21025
157058,21073
157076,21059
203535,39083
461847,34029
203544,39113
169983,26049
192192,36123
457475,13135
461315,26013
134422,12011
213303,42131
375726,40121
226019,48183
220516,47163
213321,42079
497417,04019
417628,29001
153737,19113
170587,26039
146418,17037
428392,41035
146427,17095
375373,39083
213349,42011
171881,26081
490717,32003
457633,26163
383163,12086
135142,12086
153773,19033
153746,19013
154332,19163
153782,19187
153764,19153
213358,42003
213367,42101
117627,06065
483920,39035
155450,20099
165264,25021
260372,55113
213376,42069
213385,42095
140234,13285
117168,06059
219143,46029
203580,39085
407629,42049
146481,17097
146490,17097
146506,17029
170620,26021
200192,38071
173461,27137
170639,26033
117195,06017
135179,12069
235699,53033
135188,12069
203599,39085
238980,55117
183123,33001
239008,55071
146533,17183
451291,26147
496706,39035
127389,08099
441760,48245
226107,48361
226116,48245
226091,48245
456214,48029
117238,06037
213400,42071
418533,42071
213455,42071
213446,42071
218229,45047
247649,50025
220598,47113
209038,41039
117247,06001
207209,40083
140243,13139
213473,42091
213491,42091
170657,26065
240620,56021
226125,48479
486503,48479
226134,48479
498234,12086
476489,17031
495387,17031
496964,17197
366401,06001
182148,32003
160472,22109
166391,25017
117274,06035
117283,06037
485485,12099
250027,42051
232575,51069
215992,42085
454786,06079
481298,06031
483957,06019
166407,25017
170675,26125
239017,55087
444468,47099
101569,01073
192323,36067
220604,47157
483221,06037
418542,42075
213507,42075
226204,48201
484172,12071
220613,47011
413626,27021
198808,37011
141811,15003
497365,48005
444228,45055
213525,42077
498739,42077
213543,42095
491677,42095
448594,06031
418515,42005
198817,37107
198835,37035
441618,36029
198844,37081
166452,25017
444732,72021
226231,48183
209056,41051
146603,17119
146612,17197
142328,16069
177931,29107
450632,21067
157207,21067
427335,36061
232557,51680
242820,72127
376330,72025
117520,06001
117104,06037
140252,13067
475574,18089
494029,18089
192271,36061
218238,45021
146667,17107
163028,24027
126951,08031
226277,48439
151661,18097
434159,13067
146700,17031
221148,47037
146685,17167
220631,47025
213570,42077
129181,09110
184056,34023
433101,44007
420343,34003
374574,34005
129923,09110
442073,34003
213589,42101
445911,09140
184427,34023
185396,34039
449320,36081
403478,17033
117557,06001
177940,29051
213598,42029
177968,29183
135294,12086
461722,21227
157216,21001
209065,41071
209074,41043
485519,06083
219976,47037
180328,30003
434016,31173
135276,12073
198862,37159
177986,29189
117636,06071
227182,48339
117645,06037
383297,36103
192484,36059
192509,36081
461838,36059
192448,36059
232566,51147
166489,25017
203748,39093
409591,39093
135337,12103
153825,19061
133155,12021
490124,06037
117788,06037
447731,06037
446385,06037
117681,06037
117803,06037
436429,06037
117690,06037
117867,06037
400558,06037
474863,06037
117706,06037
117715,06037
117724,06037
117733,06037
117894,06013
117900,06067
494621,51087
198871,37069
159531,22097
159568,22079
449612,22033
483212,22073
159391,22033
159373,22071
435000,22017
159382,22079
159407,22001
159416,22017
159647,22061
157298,21111
203757,39095
458007,47031
166498,25017
235750,53015
117946,06037
146719,17031
163046,24510
159656,22071
117955,06111
226383,48303
483726,51700
363633,35047
101602,01039
153834,19191
135364,13089
173896,27123
146728,17031
213659,42079
213668,42081
118143,06019
118134,06029
132657,12099
482246,38017
106342,05063
118161,06097
170736,26073
481003,48439
441414,12086
173902,27123
192624,36047
170790,26099
497046,06039
375407,39139
238263,55025
379621,36065
157304,21107
170806,26163
182917,33013
153861,19101
407489,39099
161509,23005
161022,23001
161299,23009
490753,23013
490221,13117
495040,15003
203775,39151
135407,12081
183132,33011
151777,18169
461272,49049
192688,36061
155487,20161
155496,20161
192703,36005
420981,36047
192712,36061
192749,36119
461528,37051
213774,42091
490674,48477
451547,48041
470296,48469
239071,55055
130837,10005
192785,36001
411684,06037
475282,06037
151786,18097
239080,55039
497833,18099
495183,12086
105136,04013
203845,39167
101648,01105
192800,36069
203881,39101
419226,12083
192819,36027
457642,26125
239105,55079
198899,37115
123943,06059
237525,54011
153922,19127
198905,37117
173452,27015
151810,18097
487977,54003
232672,51790
163815,24005
163295,24510
164085,24027
192864,36061
232706,51013
220710,47009
178059,29189
213826,42069
496061,39049
166647,25021
166674,25025
167288,25003
166683,25017
166692,25001
166805,25021
369002,25009
490470,47157
166823,25023
490267,47189
461333,15001
454698,06065
198914,37011
173957,27109
157331,21161
200226,38097
493549,48215
146977,17031
164270,24013
198923,37111
147004,17111
479965,34025
147013,17163
226578,48309
226587,48441
159717,22019
155511,20113
166656,25025
374592,34025
439455,17031
147031,17031
414461,72025
490328,36087
488059,12086
455336,48113
456153,48201
476595,06037
488217,21151
493479,06061
239169,55079
455831,12099
498757,51590
436650,22033
218335,45019
203942,39103
484066,21111
476993,49035
497310,32003
220792,47037
497204,48061
192970,36061
220871,47157
118684,06045
118693,06081
118718,06047
185509,34021
237543,54055
140447,13021
153977,19153
203960,39095
193016,36119
366571,19113
213987,42049
198950,37183
244279,12115
175935,28075
461324,47037
365480,40119
491808,06097
427308,36047
166850,25009
118772,06001
135559,12011
494995,39035
105154,04013
188261,35037
193061,36047
193052,36047
193070,36061
417752,48439
213996,42041
147129,17143
203997,39041
198969,37051
457952,42077
490489,26163
363165,40109
190114,36061
181303,31055
177995,29095
441575,36081
174020,27123
127565,08031
166869,25025
428000,12086
140827,13121
476355,36081
440819,06075
135717,12086
135647,12086
480851,12086
451103,12086
204006,39017
204015,39017
204024,39017
204158,39113
169655,26163
494728,48113
172422,26015
170611,26115
381370,26125
169220,26125
171100,26065
171128,26061
423412,48113
171155,26035
245953,40027
151962,18019
418320,40087
199458,37139
431017,40109
389860,39119
181312,31111
481225,47157
239220,55141
155520,20091
482158,13021
220996,47037
220978,47149
230959,50001
119058,06053
185536,34023
166887,25017
487816,01073
226806,48329
181330,31053
218353,45063
157377,21239
493831,20177
383020,55101
439020,17031
178183,29189
437556,17167
482097,29077
178208,29047
457536,17031
226833,48485
143853,17043
423643,04013
480985,49035
418481,42087
460534,48141
454555,32031
449904,48029
454546,06095
440855,48375
457077,06029
448895,06019
475325,32003
482060,06047
442657,06065
437778,48029
443669,32031
112288,06107
193201,36001
461014,36061
425986,25003
101675,01073
180373,30017
461883,12086
103963,04013
460826,13245
213534,42011
441025,45019
443650,47065
458441,13215
460835,45051
458405,37051
460817,37133
475060,13021
456579,42077
438221,42119
367112,22073
456205,37183
491394,48439
456931,48355
228219,48215
460172,48029
245962,40143
198978,37129
214041,42071
486901,47019
147244,17115
175980,28049
239248,55079
449861,55079
239309,55079
239318,55079
483887,47037
178217,29187
368647,54057
484844,06075
486202,54059
174127,27053
174136,27053
173735,27137
175263,27169
428453,27123
173559,27111
174358,27027
173920,27013
173638,27173
200253,38101
118912,06073
193247,36047
214069,42079
211130,42101
488299,48215
118930,06085
176664,29077
176053,28049
247737,28049
176008,28133
176071,28131
455105,28049
176080,28105
176035,28087
176044,28083
178244,29189
178077,29051
178341,29097
179566,29077
179344,29091
178411,29161
178369,29195
178387,29021
129774,09180
198987,37097
175281,27123
219189,46035
199005,37183
476902,20091
493761,06067
178448,29175
490249,34003
174321,27145
118958,06111
242954,72013
242945,72021
438337,72031
371928,06059
193265,36093
118976,06099
105206,04015
193283,36065
118994,06001
204121,39061
250902,39017
193292,36059
147341,17187
185572,34025
237561,54061
193308,36005
193326,36055
171225,26115
457749,30013
493655,48141
262165,30111
180461,30031
180179,30111
180522,30041
180416,30093
171234,26117
185590,34031
193380,36119
119067,06053
127954,08031
163408,24031
498003,24005
163426,24031
199023,37123
214111,42091
199032,37021
166911,25009
433040,25027
147369,17031
444662,22033
214148,42101
248606,40027
119137,06111
239372,55039
147378,17031
214157,42095
483470,12086
157386,21205
140553,13121
140562,13121
460394,06065
127617,08087
163453,24510
237570,54061
154004,19193
140571,13121
218399,45085
365763,34027
147396,17195
147411,17031
496478,26125
221096,47127
414124,25005
479062,44007
169275,26049
214166,42021
209241,41047
204176,39049
166939,25015
219198,46135
239390,55079
154013,19113
193353,36071
119173,06037
189282,36061
204200,39061
163462,24021
204194,39083
166957,25027
232788,51195
231873,51005
448275,54039
448248,49049
444954,54011
376631,47141
249061,17031
209250,41051
119164,06037
119216,06065
382258,06013
118198,06067
214175,42077
209287,41051
207236,40069
157401,21035
119270,06037
171304,26121
204264,39119
439747,06067
457606,22051
451477,39049
451228,18097
480037,37183
434432,31109
406486,49035
448123,72129
491589,48201
119331,06055
127653,08013
442611,37097
199087,37127
239424,55133
183141,33011
490115,47037
221184,47037
193478,36059
142489,16005
219204,46103
165635,25017
378956,12103
204334,39151
455868,06037
371964,06067
457767,34013
131830,11001
119553,06001
496618,08031
148955,17031
147536,17031
461023,04013
106980,05051
488280,12095
490018,12057
447759,06037
119605,06073
147590,17043
209296,41051
488721,22071
488110,48039
187596,35031
119678,06053
227146,48349
127714,08041
178518,29095
193584,36055
181765,31063
181419,31173
181297,31055
181446,31109
483513,48441
193609,36061
228325,48139
491668,72127
178527,29145
155566,20133
163532,24005
483258,17031
214272,42045
445692,49035
414939,32003
441900,32003
182519,32031
449685,36061
101277,01095
485591,05069
185758,34023
214290,42073
262129,12115
437723,34013
439774,12086
419280,29097
182980,33013
167093,25025
373678,25017
217305,44003
167215,25025
129932,09110
480903,09120
468963,25009
217323,44007
183035,33011
208725,41039
185129,34017
185828,34013
187897,35047
187967,35053
187903,35025
187912,35005
187994,35035
187620,35013
188021,35006
188030,35013
159948,22071
434469,12086
447582,54081
232867,51155
440396,16057
107442,05119
366368,36061
440262,36081
418126,36059
194073,36061
439783,36059
421841,36061
461148,06037
481243,36103
431071,36029
194091,36059
193821,36061
457800,36081
193830,36119
193858,36081
475404,36119
194116,36061
493798,36047
193894,36061
193900,36061
218414,45071
155335,20173
119775,06073
496803,11001
183099,33013
193946,36063
193973,36063
159966,22057
167260,25027
239442,55085
444787,49035
492421,37119
460464,06065
232937,51710
174428,27053
119951,06099
162371,24005
461795,48157
107460,05009
167297,25025
199102,37081
199157,37063
199193,37183
199209,37127
147660,17043
418889,47125
171395,26047
179715,29079
204422,39139
224110,48097
174437,27053
194028,36031
200305,38077
200332,38017
136145,12079
447892,12073
132675,12007
140678,13137
218441,45045
174376,27053
142443,16055
154059,19033
120023,06059
147679,17031
236072,53033
167312,25009
484367,06059
372028,06037
484376,06037
120069,06037
445364,06065
494746,06073
120087,06037
120078,06037
214379,42095
239460,55073
444130,06073
101897,01071
193751,36099
181491,31119
154110,19191
488730,48029
176169,28117
204477,39133
221908,47163
461962,23005
461087,40097
227225,48449
239488,55009
147776,17031
127732,08075
207290,40115
439817,36055
207263,40021
217837,45025
167358,25025
118888,06001
482705,25025
105330,04005
147697,17043
418223,39085
167376,25009
147703,17037
204431,39093
157447,21037
161484,23003
240790,69110
171456,26103
188058,35039
207281,40071
494959,42123
219259,46013
490744,05069
418588,42015
232946,51059
461412,51059
240666,56033
239512,55003
174473,27113
105349,04017
217606,25009
160667,22103
443030,17031
367459,05007
445948,32003
240657,56029
377546,53053
209083,41067
209205,41005
468246,41039
484950,41029
468255,41067
369686,48201
136233,12091
434362,53063
380377,53073
154129,19167
155618,20181
160010,22119
176178,28137
178624,29147
142461,16027
458140,53031
101736,01033
204440,39069
173115,27007
107488,05143
366623,40151
236133,53033
487603,53033
420398,48029
154101,19167
260992,17031
174507,27053
171483,26055
207306,40151
160038,22069
168573,26125
147767,17031
240198,55005
171492,26111
230995,50023
368452,47037
204468,39035
120184,06081
163578,24510
409032,12086
459426,27109
174190,27163
428055,72021
136215,12011
443207,06037
242972,72021
200086,38061
158884,22087
377272,48029
377281,48323
447980,26121
231004,50007
174525,27007
495059,06071
152099,18051
171535,26125
171571,26125
147800,17031
101912,01089
204501,39093
227289,48029
120254,06037
227298,48201
185873,34029
431716,34029
420431,13303
227304,48135
147819,17179
230490,49057
366465,13031
219277,46102
227313,48439
381404,48113
478591,48121
227322,48439
248703,48439
460978,48113
480125,48029
484604,48157
497073,48201
140696,13089
493646,36087
497161,39113
203739,39043
203720,39093
201964,39129
204617,39049
483647,39113
418269,39061
453756,39049
410797,39035
453792,39113
204635,39065
204714,39003
204723,39049
204778,39049
405012,39089
204662,39169
204671,39003
204796,39049
204680,39139
204699,39101
204705,39089
204608,39035
204820,39141
204802,39013
204848,39045
204857,39009
204839,39087
204866,39119
204909,39041
120290,06001
194189,36119
433068,12091
207403,40125
207324,40109
207449,40109
207458,40109
207351,40139
207315,40143
207564,40111
207388,40119
207397,40109
469629,40143
206835,40147
232982,51710
155353,20173
455859,16001
147828,17091
187505,35013
236188,53035
461120,47143
439844,22109
455026,24031
498881,37051
194222,36067
440730,36067
159601,22097
207582,40143
120342,06059
194240,36071
136303,12095
138488,12095
135735,12095
138372,12095
417992,36071
218487,45075
423652,41041
369659,41051
209490,41051
209506,41035
209542,41003
440828,41017
444635,39173
153427,19163
441593,36063
214528,42101
407434,36001
427991,12097
127778,08089
120403,06037
194259,36077
155636,20091
428259,55133
454582,20091
155627,20059
464226,04013
204936,39049
107512,05019
227331,48029
204945,39173
247940,21059
455798,09140
120421,06111
178679,29097
107549,05065
177472,29077
185970,34007
443216,34017
391005,26163
194310,36061
407610,41029
422695,06059
378576,06073
414595,36061
442842,17031
439862,66010
236230,53053
495147,53005
209603,41051
455406,53077
120768,06037
457484,15003
120795,06001
120838,06037
120865,06055
209612,41067
115746,06083
130110,09120
140720,13245
447722,06037
449490,12099
136330,12099
136358,12099
154174,19163
246354,48029
120698,06085
120953,06065
120971,06073
365125,06073
199263,37137
227386,48365
364016,04013
204963,39145
121628,06037
227401,48277
186016,34003
483896,12031
484190,22071
178721,29165
243823,48113
147916,17019
121044,06037
136400,12101
186034,34031
160117,22017
434283,48245
495916,04013
233019,51089
451927,51107
233037,51620
457776,35001
107789,05143
475486,48439
454926,13121
451565,48453
456825,22033
454652,01073
260929,16001
467872,45019
458274,17031
455284,39061
488989,48201
456065,39153
459286,08041
467863,45063
456074,39049
442240,06059
224156,48113
459301,10003
482176,08059
459231,06013
454607,13121
484093,26125
199689,37051
407708,53033
495369,12011
475547,12071
459198,06019
444486,37071
172680,26081
446288,26147
483337,45045
249238,48201
417008,01089
461917,18097
136109,12031
488749,24027
248660,47093
462008,32003
156426,21067
106908,05119
448220,49005
483328,17043
156842,21111
486983,55025
456029,47157
484109,18089
451121,12086
449977,26099
459578,55079
177685,29019
459170,06099
220491,47149
495794,47165
488998,16027
468893,22051
457545,17113
129349,09170
495350,06057
457855,36085
445212,12117
476984,20091
454768,06037
459116,04013
183202,33015
495411,49049
475556,37183
219125,46103
476841,32031
454944,16065
443641,44007
234924,53005
231280,51770
455761,06067
230214,49035
451714,48029
449968,06073
495077,06085
484011,36093
449986,06037
462071,53063
455080,29077
461421,29510
421610,49053
449959,12057
457323,06065
143376,17197
485032,39095
486567,40143
457493,16083
449995,51059
408066,20173
480930,51153
227429,48113
194392,36033
204990,39057
443225,34023
154208,19169
495378,19103
443979,27053
439871,06037
369783,48113
176239,28109
495244,48039
214883,42101
221643,47093
459514,48113
490735,48439
236258,53009
214892,42125
186052,34007
214944,42017
214971,42101
215053,42071
366252,42081
215008,42003
414911,42021
214582,42045
214661,42043
214777,42027
214801,42091
214689,42013
214698,42007
214704,42011
214731,42045
214740,42033
214591,42049
214759,42051
214607,42029
214786,42003
214713,42043
214768,42079
214670,42077
214795,42055
214625,42129
214810,42107
214652,42069
214634,42085
214643,42079
214829,42133
479956,42027
498571,42125
460914,04013
449533,12033
136473,12033
418199,39173
219842,47011
121150,06037
121178,06001
236212,53077
497471,45089
181534,31127
491534,12011
199306,37167
209667,41003
209676,41017
208859,41033
209153,41029
209694,41047
209700,41005
215123,42101
483823,42101
107600,05119
107619,05107
414966,40143
488396,17031
105428,04013
447698,04013
381459,04013
488147,12086
407513,39141
128151,08005
199324,37145
218520,45047
140818,13137
233116,51003
235237,53053
443492,54049
409537,39131
261773,29163
127820,08041
440794,34013
105525,04019
105543,35001
461689,08005
434140,06073
442134,08041
404912,08001
489812,30001
456038,04013
486813,48141
460136,48201
445230,32003
260691,04013
486822,04013
449074,53033
494588,48029
492449,06073
368629,53033
105534,04019
174570,27115
136491,12103
137087,12103
160199,22079
177302,29165
408163,37097
407522,39139
364627,40071
418913,48141
444811,42091
199333,37147
155681,20037
215381,42003
215390,42003
215415,42003
215424,42003
121257,06037
373216,17043
156310,21227
150853,18019
156754,21009
152150,18177
490878,06059
260813,08005
260789,06037
432384,06071
480204,06065
194499,36081
183080,33009
493576,42003
121309,06073
215442,42003
138868,13285
390905,39035
136516,12105
491473,10001
456481,12086
456490,12095
190451,36067
121345,06037
372082,06037
245980,40071
243081,72113
492704,72127
494807,72113
494010,29510
498289,13121
241395,72013
243586,72097
241410,72113
205027,39049
131405,11001
455813,11001
206905,40123
167464,25017
178828,29023
171775,26125
364636,39153
130174,09120
129002,09170
121363,06107
457925,41051
209746,41051
209807,41051
130183,09140
237701,54057
492315,06073
486576,72025
148007,17031
227526,48473
155715,20151
194578,36047
430582,12086
493691,40121
488369,42091
498410,48201
495262,41017
499361,16001
416458,06037
493488,12071
218539,45059
490045,06037
105589,04025
486433,06075
481368,12011
163657,24033
491853,06019
186122,34021
186131,34021
148016,17083
420130,34007
417840,42101
430403,34001
493628,34023
139506,13089
495138,36029
437750,06065
121433,06037
205054,39095
409193,72021
493673,72127
148098,17197
457466,13121
461944,26065
487083,26073
455770,06037
217402,44007
380438,49049
496283,16019
127884,08101
499538,72021
241766,72127
151102,18003
489779,18157
490805,18089
243780,18157
461713,04019
419420,54079
376677,47125
199412,37119
167525,25021
148131,17001
130226,09170
167534,25027
384421,34023
194657,36047
194693,36087
194666,36047
186186,34027
194736,36059
405854,36047
484871,36047
205124,39085
194718,34029
194763,36081
136659,12113
233277,51750
237491,54045
186201,34003
438665,06059
207157,40027
233301,51680
199421,37151
486406,54083
233295,51085
227687,48133
178891,29510
363147,39151
407568,39099
363882,39103
205142,39155
233310,51073
186645,34035
138309,12083
448673,17201
480657,20177
175014,27145
200013,38017
450571,55009
152275,18003
490531,22033
497480,06001
215585,42011
215594,42011
215619,42091
491844,27007
250993,40137
127909,08059
497462,48231
207069,40017
114637,06037
209922,41051
117052,06019
475653,17115
490230,13135
105659,04013
490197,06037
231651,51810
488183,21227
487889,04027
167598,25017
127918,08031
101994,01035
140872,13057
492209,06037
475033,36061
440271,22033
375416,39035
223463,48113
377111,48439
451857,48167
160524,22055
412599,47157
366535,01097
445249,47037
445203,48201
497000,48113
451866,22017
458104,49049
498863,29031
148256,17081
129428,09110
194824,36083
236382,53033
178989,29095
491701,16065
217420,44007
217493,44007
221351,47157
227757,48201
233338,51053
148292,17115
199449,37153
441104,47065
186283,34021
136765,12105
175236,27067
496663,06073
136774,12115
476726,48215
121886,06037
105668,04013
239628,55039
436304,22005
183114,33019
485704,05115
173063,27099
137713,12121
121901,06065
233408,51700
481191,06065
419235,13215
183211,33011
185466,34007
221397,47145
364575,54035
233426,51775
199467,37091
165750,25005
167039,25005
168032,25005
373696,25027
186274,12099
383279,34035
185767,34017
136826,12086
215655,42003
105677,04013
194958,36055
199476,37155
174738,27109
195003,36055
170967,26125
148380,17201
148405,17201
179043,29095
199485,37157
195058,36087
418083,36087
180595,30111
127945,08059
475495,49049
480790,08035
217518,44001
409616,44001
152309,18163
207661,40131
209940,41033
136950,12095
148487,17031
145558,17097
207670,40109
152318,18167
439899,39097
215682,42003
369446,17031
445735,32003
215691,42091
490832,39151
373085,19163
490841,26081
421513,21047
452081,39095
261685,26161
456515,26025
480550,21227
261676,26093
460127,26163
481906,54039
203234,39061
460093,26049
480523,39113
488952,39093
481890,21117
484349,18163
172015,26049
456506,18003
460109,18141
486707,01089
484358,47179
365833,26081
486716,47093
481863,18067
488961,18157
171988,26045
488970,26111
476230,54061
486752,18035
452072,26099
460118,39155
480532,39139
484330,21059
363013,26147
490814,26077
365824,26121
247409,26145
367158,26163
171997,26099
446516,72003
183877,34005
184205,34011
184791,34015
184782,34015
199494,37159
213932,42101
167631,25025
496052,12105
437857,18003
441876,51810
148511,17031
195128,36083
176318,28093
186371,34007
186380,34023
186399,34013
449506,12086
122180,06067
490160,06067
172033,26163
239637,55079
130253,09120
122205,06059
446525,47037
459499,41017
441070,26073
172051,26145
154235,19163
183239,33011
149028,17201
199582,37183
216047,42091
174783,27145
227845,48453
195702,36065
152497,18157
186618,34027
148575,17143
215743,42021
167677,25025
137281,12107
174792,27145
160409,22103
161518,23005
215770,42101
442356,42071
137032,12101
179308,29189
179159,29510
236452,53067
152390,18141
123554,06013
174817,27169
152381,18167
152451,18147
486424,11001
231059,50007
239716,55009
175041,27123
179317,20091
186432,34017
215798,42129
136701,12099
215813,42129
195580,36119
148627,17031
199607,37067
179195,29161
186469,34033
167729,25009
237783,54033
155830,20169
417646,29195
163851,24045
180647,30047
459532,48061
485874,48113
476629,39095
497426,34025
491835,48029
497222,12086
121868,06065
456588,06071
456597,06071
115357,06065
121859,06071
492953,06037
230746,49035
214564,42091
217536,44005
227881,48471
195289,36083
102049,01073
498766,20015
199625,37163
122296,06001
227924,48029
491543,06071
428426,06071
123527,06071
112084,06073
122339,06073
122320,06073
493512,06073
122375,06073
122384,06073
122409,06073
120166,06001
122506,06075
486372,06075
454777,06075
498331,06075
122597,06075
486239,12086
227979,48201
122649,06019
122658,06077
122694,06029
448381,06107
495934,06029
262457,06019
456852,06071
481775,06037
447351,06099
442444,06071
495998,06107
448372,06067
495952,06065
495961,06083
475176,06065
422020,06019
122685,06107
122746,06085
122755,06085
122737,06085
430670,72025
188100,35045
122782,06081
199634,37125
486442,47025
383330,39043
481535,06073
219392,46099
493895,24031
461500,06059
481128,06059
121619,06059
122889,06083
122931,06085
137096,12001
188137,35049
122977,06037
123013,06097
399212,06059
195304,36119
406149,12081
494542,25025
148672,17103
140951,13051
140960,13051
140942,13051
123095,06037
195322,36093
404338,12057
131061,10003
377218,48201
480727,26067
392354,36005
143048,17031
197151,36061
172200,26163
228042,48265
406325,36015
215886,42107
407577,39145
105747,04013
123165,06037
107831,05145
236513,53033
488448,53033
439914,53033
236577,53033
236595,53033
228088,48187
102058,01047
386153,36047
243498,72127
491817,34029
207740,40133
137209,12117
232885,51550
475839,04013
186584,34013
215947,42129
155858,20175
195438,36059
215983,42085
481331,36055
391759,26049
123280,06089
123299,06089
121637,06089
199643,37183
439932,40125
148821,17153
205443,39145
412535,25017
412544,36055
451167,12057
480842,12031
102067,01125
233541,51840
237792,54037
481137,55101
461485,37183
137245,12011
218751,45083
216010,42041
186593,34001
236610,53033
107840,05119
140988,13115
195474,36001
172264,26091
496733,32510
123341,06061
123350,06047
165060,25023
461759,21111
167783,25025
154350,19181
123457,06089
205470,39113
219374,46121
219408,46109
242060,72127
231068,50025
200466,38085
236638,53057
195526,36091
460932,29189
455381,49035
444857,49035
123509,06081
216038,42019
441229,06037
167835,25015
102076,01095
230597,49039
110778,06085
154466,19155
399911,06059
123563,06095
445957,17031
157711,21199
457943,42111
123572,06097
488077,04013
420246,04013
481094,36061
107974,05139
123633,06059
218733,45075
173911,27103
123642,06059
220552,47093
488891,12086
219347,46103
219356,46011
493637,21115
366003,12011
443252,12086
137315,12055
482699,13069
141006,13261
216074,42003
216083,42027
434061,22055
105792,04013
432144,06059
197850,37007
228158,48219
236656,53067
236504,53033
149365,17031
228185,48355
409315,48215
228194,48201
455974,48215
456922,48061
228200,48215
480073,48491
251312,45079
481720,37081
101116,01101
459259,51087
139579,13051
475121,13051
449898,12057
459268,51810
133465,12099
156338,21227
107637,05069
181640,31109
157739,21095
417734,29031
179557,29031
188003,35015
219426,46099
449807,48199
176336,28067
199759,37183
443261,45019
451352,37119
444866,45079
428170,12099
154378,19057
199722,37047
491923,45079
233602,37183
148937,17165
160612,22105
207847,40013
368911,13279
167871,25005
137564,12105
221661,47065
107983,05027
107992,05013
497435,06073
461856,06037
123952,06037
399869,06059
117575,06073
117672,06037
226903,48453
459967,48061
405076,48355
459985,48061
408385,48215
430245,48029
482015,48029
493992,48309
221670,47157
130493,09170
139986,13255
149222,17077
149231,17119
149240,17077
161545,23005
228246,48113
417637,29091
206862,40109
183026,33013
365198,40019
210146,41029
487162,13275
207786,40013
205966,39071
366553,12071
446552,12095
251260,01111
160621,22033
160630,22071
160649,22017
440916,22033
160533,22033
230603,49021
233611,51530
217776,45077
237817,54045
457624,25027
233082,51570
233639,51025
179326,29167
382911,48227
442879,04013
175078,27083
176354,28113
228282,48029
449816,49021
368364,40065
221485,47157
228316,48463
451556,48141
233648,51185
239910,55043
228468,48251
228486,48257
207856,40109
123800,06073
155900,20035
188207,35049
154396,19175
199731,37099
143215,17163
188216,35001
123970,06037
172307,26027
207865,40039
210155,41011
228343,48491
232724,51590
160579,22019
497888,25009
445656,25023
445647,25027
161527,23005
157757,21111
413680,06037
126605,08014
207254,40143
489371,06065
218830,45083
218821,45083
481517,29097
141060,13121
148982,17031
236692,53063
236708,53063
148991,17057
172334,26075
102234,01097
167899,25013
475273,25013
167905,25013
496654,06059
195155,36055
195164,36009
175005,27123
262031,29183
172291,26147
174756,27145
183248,33011
195216,36089
442426,29189
179511,29510
154262,19193
216162,42077
174844,27131
189811,36081
195784,36085
137078,12103
227854,48029
199698,37165
148876,17031
195173,36047
195720,36055
137272,12086
163976,24003
245652,35049
148593,17167
195809,36081
195191,36067
195544,36047
495226,29189
163912,24037
228149,48029
192961,36001
195243,36087
137476,12086
491792,08035
407151,22019
446561,06059
483814,51059
243744,06085
199740,37167
205841,39151
123916,06001
462053,17097
123925,06019
239877,55073
135391,12081
179539,29159
177977,29151
196149,36023
196176,36111
196194,36075
196246,36019
233666,51790
448600,39035
205887,39095
494852,17201
444529,06099
498553,17031
499680,18089
407355,31055
228431,48347
179548,29019
155937,20159
231095,50019
137546,12127
146807,17031
186867,34017
178767,29510
164173,24005
160597,22071
219453,46099
102270,01125
186876,34001
366340,30015
167996,25005
196097,36103
434496,45051
491066,48409
450377,01073
458885,05119
450298,10003
131803,11001
449038,12057
458919,13089
459994,11001
430184,24033
458955,28049
453215,34023
453163,37081
443784,42017
458964,45045
443766,47157
458973,48113
233684,51013
456621,54079
498368,47157
455725,04013
485476,53063
485856,42101
430564,36061
236744,53015
366395,36103
168005,25025
228501,48043
195988,36105
157793,21111
447953,06017
175120,27053
181543,31157
400080,06071
457420,12057
457572,18095
459550,53053
177603,29095
457439,12001
462017,18067
156967,21067
457916,39173
209719,41067
208512,41051
137120,12115
188438,36113
196158,36013
196219,36119
196121,36055
189547,36007
196130,36029
196167,36051
196200,36089
196033,36095
196103,36067
196228,36061
196006,36003
196015,36089
196024,36025
190442,36101
196255,36047
196291,36005
196051,36053
196237,36059
196185,36077
196112,36065
197294,36119
195827,36001
199768,37171
441672,42115
216278,42109
247603,34037
446093,06101
216287,42045
196389,36061
233718,51009
497684,47123
233286,51680
196413,36067
155973,20115
236753,53053
124113,06029
454689,08031
102298,01121
137759,12073
137777,12086
186900,34025
196440,36055
451404,36047
196431,36047
216311,42101
228529,48143
228547,48439
495341,26163
484394,49049
461494,49035
461926,49053
149310,17031
449524,12083
151564,18149
152530,18053
451918,47179
219596,47107
196468,36061
488800,06077
217712,45013
126915,08029
497499,25027
149329,17031
228608,48027
216339,42101
457448,12119
409379,47037
248925,47037
221236,47045
221591,47035
221430,47071
219994,47043
220127,47019
220251,47145
220279,47169
221281,47079
220321,47101
220394,47013
221616,47113
221625,47093
220640,47133
220756,47017
221607,47177
220853,47157
221050,47063
221102,47149
221582,47151
221333,47055
221494,47003
221829,47093
221838,47037
221847,47141
221731,47107
206011,39143
228699,48037
226152,48479
228723,48041
224554,48231
224147,48355
228705,48273
228732,48041
483036,48027
459949,48029
224545,48037
440989,48201
458061,48439
228866,48201
228875,48439
228884,48423
377315,48441
487232,48303
419633,48451
441487,29215
430704,48453
448196,48201
494694,48245
228981,48187
229063,48201
227377,48061
487320,48309
228459,48209
229115,48303
229337,48303
492689,48141
439154,48303
229160,48439
229179,48121
488129,18097
216296,42071
368832,06059
210711,42077
496539,26139
455929,40109
438674,28035
188669,36061
476708,49035
216223,42089
444404,12099
210784,42091
131283,11001
455433,06059
143978,17031
492607,48113
455664,06037
491190,06073
459745,11001
487153,22071
437732,48113
201821,39061
481526,51810
437635,48453
480824,48113
480833,48439
489283,48215
392257,48201
449250,48029
492722,48029
447591,48201
142294,16027
187134,34021
195234,36001
174899,27137
133960,12087
197285,36119
206589,39169
475228,06083
125037,06111
190372,36061
491251,48439
490443,51059
235167,53067
483230,06071
452009,38015
220163,47103
450650,55079
192110,36061
439701,48439
161208,23031
117751,06037
171012,26163
205391,39113
167057,25025
193654,36061
498836,06073
495305,48479
238810,55035
497189,42063
485953,48453
195049,36061
219037,46103
460987,05119
498359,42091
498298,27123
215530,42013
454537,55087
451307,26025
154545,19013
459295,08041
492360,12099
459392,18163
448026,38017
459347,12071
491996,48491
480976,01089
461908,55059
458098,48121
385132,12009
247047,16027
481340,47037
458168,55063
484206,06085
460996,29183
457837,36029
494232,11001
104665,04013
441131,53033
157748,21111
494603,48439
204769,39049
487676,24003
455901,24021
454962,17043
100751,01125
475237,06065
202763,39063
180489,30063
180692,30001
171599,26045
137847,12057
487010,47157
220701,47055
492263,47093
221740,47065
221759,47093
221768,47183
228769,48439
228778,48453
228787,48113
228796,48141
229027,48029
228802,48423
229300,48201
228644,48029
416801,48201
228653,48167
229018,48135
227368,48215
229090,48453
221519,47051
485360,48201
126012,06001
486123,06037
216348,42091
216357,42085
124292,06111
161563,23011
187046,34021
126049,06073
216366,42101
172477,26065
183275,33011
157809,21117
141167,13275
179645,29023
233772,51710
232919,51710
206039,39147
206048,39147
457332,09170
484127,09190
443289,08041
420723,41057
227058,48113
418968,48113
141185,13257
442781,04019
204459,39095
137865,12005
476568,51700
196565,36109
436775,48085
235352,53033
494719,48037
475723,49045
481100,49035
487807,45019
497392,48029
196583,36085
495235,12031
455187,34017
483735,48209
176406,28089
196592,36061
459736,06095
459824,32003
459727,06059
164076,24005
445054,17031
491774,36081
157818,21067
135522,12105
245281,28049
486150,12061
210234,41045
443298,48201
450711,48201
451316,29031
447865,12031
482167,17031
221892,47037
459408,25021
484233,06037
206172,39009
199795,37039
218885,45007
206181,39101
206154,39087
402800,48141
448859,42077
216454,42065
216445,42129
216436,42003
443377,42097
496265,42055
144573,17019
367088,18105
455895,17031
470393,17031
454971,17031
487533,17089
454980,17043
150303,18089
414869,18057
491224,55105
151607,18157
455886,17097
495730,17113
454999,17143
455008,17201
218894,45019
152567,18151
414878,18151
128258,08071
137953,12031
200484,38021
149505,17031
130590,09110
137962,12101
146755,17161
216463,42007
204893,39081
135610,12086
149514,17097
123448,06059
229267,48029
225308,48213
131876,11001
149532,17031
196653,36029
102368,01109
182500,32031
141237,13311
178615,29001
493910,08069
447704,04019
168148,25017
160755,22071
207935,40143
488934,40143
499705,48113
486798,48201
442329,12031
476063,12031
207962,40143
444936,04021
200527,38079
221953,47059
102377,01087
172495,26021
229355,48423
488837,26099
377193,48029
407683,48061
475662,48215
229425,48215
246415,48029
187198,34039
482291,06029
447607,06073
397942,06019
468909,06059
393649,06037
124681,06037
496955,04013
468848,06073
384236,06071
487481,04013
384245,06037
470038,06065
494357,06067
480471,06077
497958,53053
447616,06037
230676,49047
481182,06045
196699,36111
441371,12103
481252,12099
210270,41019
181738,31109
491525,18057
157863,21121
196866,36093
417831,34039
233842,51760
196884,36061
221971,47113
469911,22079
491084,22033
448646,22109
444945,22055
487047,22051
447467,22073
461810,08031
496919,32003
413893,13063
497949,13089
486354,12011
213631,42001
128328,08041
130624,09180
197027,36059
197036,36071
164155,24003
102395,01003
447050,06073
197018,36047
419031,54033
206288,39113
175139,27123
200554,38015
459204,06001
476799,06081
479424,06001
161572,23005
153542,19153
372240,06037
446598,31055
485573,06037
459374,17043
106041,04013
105215,04013
438504,06071
366191,17043
448433,06067
445799,42029
229416,48201
369400,12095
493132,34013
460543,48113
498030,12011
487597,06037
497286,48453
376385,72005
481429,34023
241191,72097
243346,72031
241739,72127
243601,72063
241225,72021
243568,72021
243443,72127
441690,72127
243577,72127
241614,72139
476805,01125
196060,36001
196088,36029
363934,04013
107655,05139
454953,17031
200800,39153
200846,39169
100663,01073
100706,01089
100733,01125
102553,02020
102614,02090
102632,02110
103529,02090
442930,06037
104179,04019
106397,05143
106245,05119
106485,05043
106412,05069
107743,05113
106999,05063
107585,05029
106263,05119
442569,05119
107725,05057
108056,05119
108092,05131
107664,05119
161873,24510
128744,09120
110398,06075
110635,06001
110644,06113
110653,06059
110662,06037
445188,06047
110671,06065
110680,06073
110699,06075
110705,06083
110714,06087
124557,06001
106704,05045
132903,12095
176965,29101
206941,40109
237312,54039
144050,17031
201955,39061
201946,39025
201885,39061
126614,08013
126580,08041
126562,08001
128300,08031
129020,09110
436827,09180
463056,09110
436836,09190
436818,09140
224323,48113
202480,39113
130943,10003
127060,08031
169716,26163
153278,19061
447801,06085
150534,18163
134130,12001
484473,12001
457402,12011
139959,13059
240754,66010
129525,09110
141565,15001
141574,15003
141839,15009
141963,15003
141981,15003
179265,29510
160065,22071
225511,48201
225414,48201
225432,48201
229407,48201
225502,48469
142285,16057
145600,17031
148654,17167
149587,17019
145637,17019
151263,18097
153658,19103
200156,38093
155317,20045
157085,21067
117140,06037
160658,22055
159993,22073
247083,22033
157289,21111
232609,51680
161253,23019
161217,23011
161226,23007
161235,23003
161341,23003
161280,23019
437097,51013
200217,38015
226471,48027
232681,51630
163338,24039
163204,24033
163259,24510
163268,24005
163286,24033
166708,25027
262086,06059
166629,25015
166638,25025
166665,25025
167987,25005
166513,25017
220862,47157
135726,12086
170976,26161
171137,26163
171146,26049
174075,27119
174233,27137
174251,27149
456959,27109
174066,27053
176017,28071
178396,29019
178402,29095
178420,29189
178439,29019
101693,01097
101709,01117
199069,37191
193399,36005
204185,39151
181215,31019
181394,31055
181428,31055
181747,31109
181464,31109
182281,32003
182290,32031
161457,23031
183071,33011
183257,33011
182829,33013
183044,33017
129941,09170
187958,35031
187976,35028
187985,35001
188225,35055
188049,35061
159939,22071
101879,01077
199111,37021
199120,37135
199139,37119
199148,37081
199281,37155
199184,37067
199175,37183
199218,37129
200280,38035
136172,12031
482680,13187
227216,48121
484905,48113
228909,48439
443711,48113
127741,08123
154095,19013
204486,39003
174491,27123
152080,18141
207342,40109
207500,40027
209551,41039
215062,42101
484613,04013
484631,06071
420042,15003
484710,32003
484756,48113
157535,21195
215266,42083
215275,42129
215284,42021
215293,42003
215309,42039
209825,41051
180258,30013
243151,72035
243212,72113
243106,72005
243115,72013
243133,72021
243142,72031
243160,72127
243179,72069
243197,72097
243203,72127
243221,72127
243188,72141
236328,53053
121691,06071
217484,44009
233374,51760
205203,39053
195030,36055
152336,18003
130314,09110
488785,06073
155812,20103
148885,17097
122436,06073
122612,06075
207722,40051
215929,42069
497107,06085
112394,06085
219383,46099
102094,01097
218645,45003
218654,45013
218663,45079
218672,45057
218681,45005
218690,45085
218706,45087
218742,45083
219471,46027
137351,12057
123961,06037
151306,18163
161554,23005
176372,28035
149550,17167
148584,17197
174914,27123
227863,48201
367954,06073
228635,48113
215105,42101
156541,21235
131399,11001
225627,48029
107558,05071
120883,06077
488846,06037
442639,51059
384412,11001
188182,35025
243665,78030
449870,06037
206084,39095
207971,40143
230764,49035
216542,42029
231174,50007
233897,51195
234076,51003
377555,53033
236948,53033
377564,53053
101587,01119
138354,12033
141334,13045
484862,06037
210438,41051
240268,55035
240277,55009
240329,55063
240444,55025
240453,55079
491288,55079
240365,55139
240374,55059
491297,55059
240462,55043
240471,55093
240480,55097
240417,55033
240426,55031
240435,55025
240189,55127
240727,56001
164146,24510
404480,24510
183327,33013
491233,28035
213163,42073
431600,42003
215974,42003
213622,42003
373711,25001
154493,19065
498784,28151
206321,39109
440004,33009
196307,36067
491747,12055
493372,35043
491756,06013
429128,25025
498924,12086
494685,29183
455099,29183
216524,42091
206349,39035
446604,36071
230728,49005
230171,49053
230737,49049
197045,36065
141264,13185
138187,12095
200572,38003
449445,06037
377652,54081
494250,39035
377661,54003
216551,42045
443322,48215
486257,39049
152600,18127
199838,37181
221999,47037
149639,17031
123651,06059
421717,39143
418278,39161
197133,36027
176433,28095
188340,36081
417910,36059
108065,05119
418524,42121
417123,06111
125028,06111
125019,06111
216579,42045
482228,18029
455992,50023
231147,50027
231156,50023
231165,50017
229504,48487
481085,17043
213914,42003
223472,48201
485962,22015
483744,47157
238175,55079
125091,06071
229522,48469
229540,48469
451626,53005
491899,06037
197142,36029
216597,42045
152628,18083
152637,18083
377485,51810
449834,51810
234030,51760
233903,51191
234085,51678
233754,51650
233921,51121
234155,51041
234164,51760
490106,51059
234137,51680
234173,51810
233949,51770
449764,47157
492324,06073
240107,55063
476559,48029
229656,48215
476540,48029
188289,35049
491871,48201
222053,47165
218919,45009
493770,45019
152673,18107
403487,17185
226879,48113
476896,48375
487065,48303
499608,40109
197197,36085
199847,37067
199856,37183
125231,27053
154518,19189
236887,53071
236896,53071
215637,42101
172608,26125
206437,39151
222062,47063
210304,41051
480198,41051
138275,12105
407832,39165
245625,34041
199865,37021
417655,29101
154527,19017
154536,19061
155423,20177
156082,20177
216667,42125
162210,24031
234207,51678
457192,05119
164216,24029
418250,39167
161581,23029
216630,42125
418029,36115
206446,39167
236939,53075
179867,29189
483780,51059
172617,26161
199883,37063
149727,17089
240125,55133
229780,48189
199892,37191
172635,26163
433138,39169
418001,36117
181783,31179
172644,26163
125310,06053
216694,42059
365505,29169
229799,48367
197221,36059
495208,13021
138293,12105
230782,49057
179894,29189
190424,36061
220206,47165
216746,42077
168218,25021
197230,36011
447999,29095
470047,20045
493451,29077
494898,20173
236975,53007
168227,25025
418357,40063
176451,28089
131973,11001
141325,13021
130697,09130
216764,42029
489858,06037
477039,48113
443331,06037
485272,12086
458229,06071
458210,06059
139278,13143
448637,06019
157483,21145
237932,54069
125471,06037
152044,26077
172671,26105
229814,48381
125499,06085
125222,06085
442383,54033
237987,54039
237996,54061
494755,42129
238014,54069
237880,54025
237899,54039
238032,54061
237686,54107
237905,54061
237950,54081
237969,54097
486141,06037
485801,36119
197337,36119
490133,06059
368407,42125
200004,37099
128391,08051
130776,09190
219480,46103
433387,49035
149772,17109
154572,19193
157951,21227
495013,04013
172699,26077
490373,26077
181817,31157
182564,32510
168254,25013
188304,35017
208035,40065
210429,41053
216773,42003
199908,37023
210368,41051
420468,36103
224660,48141
224679,48141
240170,55063
418302,40149
229832,48415
172705,26139
112525,06037
237011,53073
240693,56037
168263,25013
179946,29027
216807,42073
216816,42091
125718,06073
230807,49035
125727,06083
216825,42129
229841,48481
237039,53073
149781,17043
168281,25005
238078,54069
434751,27087
183105,33007
237057,53071
125763,06037
237066,53063
475200,53063
156125,20173
156107,20173
156134,20173
216852,42045
206491,39057
229887,48203
199926,37193
216931,42079
365383,42079
210401,41047
231624,51830
176479,28035
226860,48091
166717,25017
122728,06061
179955,29047
187444,34031
199272,37183
154590,19123
222105,47157
149842,17031
138479,12011
179964,29027
107877,05075
168342,25003
488138,22109
218955,45089
443340,47187
216940,42045
200341,38105
206507,39027
131113,10003
217013,42055
199953,37195
491783,12053
141990,15003
206516,39063
199962,37179
175272,27169
491905,01073
199980,37067
199999,37067
218964,45091
141255,13185
240338,55079
240213,55079
138497,12017
206525,39023
218973,45083
491631,24510
442064,42017
488907,32003
238096,54107
125897,06037
455512,06113
481146,13089
164313,24045
168421,25027
168430,25027
197531,36113
481067,42133
490142,12073
401223,06037
369455,17031
206613,39107
206604,39057
240718,56001
234377,51197
481289,06077
206622,39061
160904,22071
494700,04013
498322,04013
484136,48027
237109,53077
130794,09170
106148,04025
490319,34029
491622,34029
434937,24031
420325,36087
197647,36047
493716,34029
491914,34029
375230,36047
491640,34029
481410,36087
491710,34025
247773,26125
493707,34029
488350,34029
491613,34035
476692,34039
197601,36047
491057,36047
190752,36081
498809,36047
455257,36047
197674,36071
493594,36111
431983,36005
126076,06037
490504,36071
486017,36047
490276,36087
441609,36087
486026,36047
451398,34029
197708,36061
494737,36047
481438,34029
487746,36081
363712,12086
451370,34039
491765,34025
405058,36047
498906,36047
493664,36047
217040,42069
197692,36081
197735,36087
197744,36105
401250,06037
217059,42133
420440,23031
418409,42133
218991,45091
181853,31185
126100,06099
493619,06065
141361,13281
206695,39099
375939,42013
217077,42133
126119,06115
413820,40017
451237,20091
204255,39119
496520,17031
495101,49053
486248,06037
496423,53073
